number,name,source_page,source_collection,resource_id,image_name,image_url,crop_method,black_pixel_fraction
1,George Washington,https://www.loc.gov/resource/cph.3a09915/,Library of Congress Free to Use and Reuse - Presidential Portraits,cph.3a09915,01-washington.jpg,https://www.loc.gov/static/portals/free-to-use/public-domain/presidential-portraits/01-washington.jpg,detected,0.0306
2,John Adams,https://www.loc.gov/resource/cph.3a53276/,Library of Congress Free to Use and Reuse - Presidential Portraits,cph.3a53276,02-adams.jpg,https://www.loc.gov/static/portals/free-to-use/public-domain/presidential-portraits/02-adams.jpg,detected,0.0345
3,Thomas Jefferson,https://www.loc.gov/resource/ppmsca.15708/,Library of Congress Free to Use and Reuse - Presidential Portraits,ppmsca.15708,03-jefferson.jpg,https://www.loc.gov/static/portals/free-to-use/public-domain/presidential-portraits/03-jefferson.jpg,detected,0.0549
4,James Madison,https://www.loc.gov/resource/ppmsca.19166/,Library of Congress Free to Use and Reuse - Presidential Portraits,ppmsca.19166,04-madison.jpg,https://www.loc.gov/static/portals/free-to-use/public-domain/presidential-portraits/04-madison.jpg,detected,0.0268
5,James Monroe,https://www.loc.gov/resource/cph.3c17118/,Library of Congress Free to Use and Reuse - Presidential Portraits,cph.3c17118,05-monroe.jpg,https://www.loc.gov/static/portals/free-to-use/public-domain/presidential-portraits/05-monroe.jpg,detected,0.0330
6,John Quincy Adams,https://www.loc.gov/resource/cph.3c17119/,Library of Congress Free to Use and Reuse - Presidential Portraits,cph.3c17119,06-adams.jpg,https://www.loc.gov/static/portals/free-to-use/public-domain/presidential-portraits/06-adams.jpg,detected,0.0255
7,Andrew Jackson,https://www.loc.gov/resource/cph.3c17120/,Library of Congress Free to Use and Reuse - Presidential Portraits,cph.3c17120,07-jackson.jpg,https://www.loc.gov/static/portals/free-to-use/public-domain/presidential-portraits/07-jackson.jpg,detected,0.0304
8,Martin Van Buren,https://www.loc.gov/resource/cph.3a53282/,Library of Congress Free to Use and Reuse - Presidential Portraits,cph.3a53282,08-van-buren.jpg,https://www.loc.gov/static/portals/free-to-use/public-domain/presidential-portraits/08-van-buren.jpg,detected,0.0442
9,William Henry Harrison,https://www.loc.gov/resource/cph.3a53386/,Library of Congress Free to Use and Reuse - Presidential Portraits,cph.3a53386,09-harrison.jpg,https://www.loc.gov/static/portals/free-to-use/public-domain/presidential-portraits/09-harrison.jpg,detected,0.0295
10,John Tyler,https://www.loc.gov/resource/cph.3a53283/,Library of Congress Free to Use and Reuse - Presidential Portraits,cph.3a53283,10-tyler.jpg,https://www.loc.gov/static/portals/free-to-use/public-domain/presidential-portraits/10-tyler.jpg,detected,0.0462
11,James K. Polk,https://www.loc.gov/resource/cph.3a53285/,Library of Congress Free to Use and Reuse - Presidential Portraits,cph.3a53285,11-polk.jpg,https://www.loc.gov/static/portals/free-to-use/public-domain/presidential-portraits/11-polk.jpg,detected,0.0463
12,Zachary Taylor,https://www.loc.gov/resource/cph.3c10067/,Library of Congress Free to Use and Reuse - Presidential Portraits,cph.3c10067,12-taylor.jpg,https://www.loc.gov/static/portals/free-to-use/public-domain/presidential-portraits/12-taylor.jpg,detected,0.0406
13,Millard Fillmore,https://www.loc.gov/resource/cph.3a53286/,Library of Congress Free to Use and Reuse - Presidential Portraits,cph.3a53286,13-fillmore.jpg,https://www.loc.gov/static/portals/free-to-use/public-domain/presidential-portraits/13-fillmore.jpg,detected,0.0411
14,Franklin Pierce,https://www.loc.gov/resource/cph.3a53287/,Library of Congress Free to Use and Reuse - Presidential Portraits,cph.3a53287,14-pierce.jpg,https://www.loc.gov/static/portals/free-to-use/public-domain/presidential-portraits/14-pierce.jpg,detected,0.0359
15,James Buchanan,https://www.loc.gov/resource/cph.3b42465/,Library of Congress Free to Use and Reuse - Presidential Portraits,cph.3b42465,15-buchanan.jpg,https://www.loc.gov/static/portals/free-to-use/public-domain/presidential-portraits/15-buchanan.jpg,detected,0.0069
16,Abraham Lincoln,https://www.loc.gov/resource/ppmsca.19301/,Library of Congress Free to Use and Reuse - Presidential Portraits,ppmsca.19301,16-lincoln.jpg,https://www.loc.gov/static/portals/free-to-use/public-domain/presidential-portraits/16-lincoln.jpg,detected,0.0443
17,Andrew Johnson,https://www.loc.gov/resource/cph.3a53290/,Library of Congress Free to Use and Reuse - Presidential Portraits,cph.3a53290,17-johnson.jpg,https://www.loc.gov/static/portals/free-to-use/public-domain/presidential-portraits/17-johnson.jpg,detected,0.0370
18,Ulysses S. Grant,https://www.loc.gov/resource/cph.3a05520/,Library of Congress Free to Use and Reuse - Presidential Portraits,cph.3a05520,18-grant.jpg,https://www.loc.gov/static/portals/free-to-use/public-domain/presidential-portraits/18-grant.jpg,detected,0.0330
19,Rutherford B. Hayes,https://www.loc.gov/resource/cph.3a53292/,Library of Congress Free to Use and Reuse - Presidential Portraits,cph.3a53292,19-hayes.jpg,https://www.loc.gov/static/portals/free-to-use/public-domain/presidential-portraits/19-hayes.jpg,detected,0.0375
20,James A. Garfield,https://www.loc.gov/resource/cph.3a53293/,Library of Congress Free to Use and Reuse - Presidential Portraits,cph.3a53293,20-garfield.jpg,https://www.loc.gov/static/portals/free-to-use/public-domain/presidential-portraits/20-garfield.jpg,detected,0.0328
21,Chester A. Arthur,https://www.loc.gov/resource/cph.3a53294/,Library of Congress Free to Use and Reuse - Presidential Portraits,cph.3a53294,21-arthur.jpg,https://www.loc.gov/static/portals/free-to-use/public-domain/presidential-portraits/21-arthur.jpg,detected,0.0311
22,Grover Cleveland,https://www.loc.gov/resource/cph.3b37829/,Library of Congress Free to Use and Reuse - Presidential Portraits,cph.3b37829,22-24-cleveland.jpg,https://www.loc.gov/static/portals/free-to-use/public-domain/presidential-portraits/22-24-cleveland.jpg,detected,0.0315
23,Benjamin Harrison,https://www.loc.gov/resource/cph.3a10254/,Library of Congress Free to Use and Reuse - Presidential Portraits,cph.3a10254,23-harrison.jpg,https://www.loc.gov/static/portals/free-to-use/public-domain/presidential-portraits/23-harrison.jpg,detected,0.0418
24,William McKinley,https://www.loc.gov/resource/cph.3a10814/,Library of Congress Free to Use and Reuse - Presidential Portraits,cph.3a10814,25-mckinley.jpg,https://www.loc.gov/static/portals/free-to-use/public-domain/presidential-portraits/25-mckinley.jpg,detected,0.0259
25,Theodore Roosevelt,https://www.loc.gov/resource/cph.3a53299/,Library of Congress Free to Use and Reuse - Presidential Portraits,cph.3a53299,26-roosevelt.jpg,https://www.loc.gov/static/portals/free-to-use/public-domain/presidential-portraits/26-roosevelt.jpg,detected,0.0378
26,William Howard Taft,https://www.loc.gov/resource/cph.3a53300/,Library of Congress Free to Use and Reuse - Presidential Portraits,cph.3a53300,27-taft.jpg,https://www.loc.gov/static/portals/free-to-use/public-domain/presidential-portraits/27-taft.jpg,detected,0.0329
27,Woodrow Wilson,https://www.loc.gov/resource/cph.3a55007/,Library of Congress Free to Use and Reuse - Presidential Portraits,cph.3a55007,28-wilson.jpg,https://www.loc.gov/static/portals/free-to-use/public-domain/presidential-portraits/28-wilson.jpg,detected,0.0272
28,Warren G. Harding,https://www.loc.gov/resource/cph.3a53301/,Library of Congress Free to Use and Reuse - Presidential Portraits,cph.3a53301,29-harding.jpg,https://www.loc.gov/static/portals/free-to-use/public-domain/presidential-portraits/29-harding.jpg,detected,0.0409
29,Calvin Coolidge,https://www.loc.gov/resource/cph.3a53302/,Library of Congress Free to Use and Reuse - Presidential Portraits,cph.3a53302,30-coolidge.jpg,https://www.loc.gov/static/portals/free-to-use/public-domain/presidential-portraits/30-coolidge.jpg,detected,0.0179
30,Herbert Hoover,https://www.loc.gov/resource/cph.3a25105/,Library of Congress Free to Use and Reuse - Presidential Portraits,cph.3a25105,31-hoover.jpg,https://www.loc.gov/static/portals/free-to-use/public-domain/presidential-portraits/31-hoover.jpg,detected,0.0147
31,Franklin D. Roosevelt,https://www.loc.gov/resource/cph.3c17121/,Library of Congress Free to Use and Reuse - Presidential Portraits,cph.3c17121,32-roosevelt.jpg,https://www.loc.gov/static/portals/free-to-use/public-domain/presidential-portraits/32-roosevelt.jpg,detected,0.0344
32,Harry S. Truman,https://www.loc.gov/resource/cph.3c17122/,Library of Congress Free to Use and Reuse - Presidential Portraits,cph.3c17122,33-truman.jpg,https://www.loc.gov/static/portals/free-to-use/public-domain/presidential-portraits/33-truman.jpg,detected,0.0427
33,Dwight D. Eisenhower,https://www.loc.gov/resource/cph.3c17123/,Library of Congress Free to Use and Reuse - Presidential Portraits,cph.3c17123,34-eisenhower.jpg,https://www.loc.gov/static/portals/free-to-use/public-domain/presidential-portraits/34-eisenhower.jpg,detected,0.0216
34,John F. Kennedy,https://www.loc.gov/resource/ppmsca.38698/,Library of Congress Free to Use and Reuse - Presidential Portraits,ppmsca.38698,35-kennedy.jpg,https://www.loc.gov/static/portals/free-to-use/public-domain/presidential-portraits/35-kennedy.jpg,detected,0.0439
35,Lyndon B. Johnson,https://www.loc.gov/resource/cph.3a53305/,Library of Congress Free to Use and Reuse - Presidential Portraits,cph.3a53305,36-johnson.jpg,https://www.loc.gov/static/portals/free-to-use/public-domain/presidential-portraits/36-johnson.jpg,detected,0.0430
36,Richard Nixon,https://www.loc.gov/resource/cph.3a53306/,Library of Congress Free to Use and Reuse - Presidential Portraits,cph.3a53306,37-nixon.jpg,https://www.loc.gov/static/portals/free-to-use/public-domain/presidential-portraits/37-nixon.jpg,detected,0.0306
37,Gerald Ford,https://www.loc.gov/resource/ppmsc.02800/,Library of Congress Free to Use and Reuse - Presidential Portraits,ppmsc.02800,38-ford.jpg,https://www.loc.gov/static/portals/free-to-use/public-domain/presidential-portraits/38-ford.jpg,detected,0.0210
38,Jimmy Carter,https://www.loc.gov/resource/cph.3b52090/,Library of Congress Free to Use and Reuse - Presidential Portraits,cph.3b52090,39-carter.jpg,https://www.loc.gov/static/portals/free-to-use/public-domain/presidential-portraits/39-carter.jpg,detected,0.0149
39,Ronald Reagan,https://www.loc.gov/resource/cph.3a53308/,Library of Congress Free to Use and Reuse - Presidential Portraits,cph.3a53308,40-reagan.jpg,https://www.loc.gov/static/portals/free-to-use/public-domain/presidential-portraits/40-reagan.jpg,detected,0.0342
40,George H. W. Bush,https://www.loc.gov/resource/cph.3b46147/,Library of Congress Free to Use and Reuse - Presidential Portraits,cph.3b46147,41-bush.jpg,https://www.loc.gov/static/portals/free-to-use/public-domain/presidential-portraits/41-bush.jpg,detected,0.0422
41,Bill Clinton,https://www.loc.gov/resource/cph.3c07700/,Library of Congress Free to Use and Reuse - Presidential Portraits,cph.3c07700,42-clinton.jpg,https://www.loc.gov/static/portals/free-to-use/public-domain/presidential-portraits/42-clinton.jpg,detected,0.0232
42,George W. Bush,https://www.loc.gov/resource/ppbd.00371/,Library of Congress Free to Use and Reuse - Presidential Portraits,ppbd.00371,43-bush.jpg,https://www.loc.gov/static/portals/free-to-use/public-domain/presidential-portraits/43-bush.jpg,detected,0.0341
43,Barack Obama,https://www.loc.gov/resource/ppbd.00358/,Library of Congress Free to Use and Reuse - Presidential Portraits,ppbd.00358,44-obama.jpg,https://www.loc.gov/static/portals/free-to-use/public-domain/presidential-portraits/44-obama.jpg,detected,0.0261
44,Joe Biden,https://www.loc.gov/resource/ppbd.01261/,Library of Congress Free to Use and Reuse - Presidential Portraits,ppbd.01261,46-joe-biden.png,https://www.loc.gov/static/portals/free-to-use/public-domain/presidential-portraits/46-joe-biden.png,detected,0.0279
45,Donald Trump,https://www.loc.gov/resource/ppbd.11614/,Library of Congress Free to Use and Reuse - Presidential Portraits,ppbd.11614,47-donald-trump.jpg,https://www.loc.gov/static/portals/free-to-use/public-domain/presidential-portraits/47-donald-trump.jpg,detected,0.0382
